﻿<?xml version="1.0" encoding="utf-8"?>
<!--Generated by SiteServer CMS-->
<feed version="0.3" xmlns="http://purl.org/atom/ns#">
<title>siteserver channel</title>
<generator url="http://www.siteserver.cn/" version="1.0.4221.15493">Generated by SiteServer CMS</generator>
<modified>2011-09-23T15:44:24+08:00</modified>
<dc:SiteServer_NodeID xmlns:dc="http://purl.org/dc/elements/1.1/"><![CDATA[66]]></dc:SiteServer_NodeID>
<dc:SiteServer_NodeName xmlns:dc="http://purl.org/dc/elements/1.1/"><![CDATA[模型展示]]></dc:SiteServer_NodeName>
<dc:SiteServer_NodeType xmlns:dc="http://purl.org/dc/elements/1.1/"><![CDATA[BackgroundNormalNode]]></dc:SiteServer_NodeType>
<dc:SiteServer_PublishmentSystemID xmlns:dc="http://purl.org/dc/elements/1.1/"><![CDATA[62]]></dc:SiteServer_PublishmentSystemID>
<dc:SiteServer_ParentID xmlns:dc="http://purl.org/dc/elements/1.1/"><![CDATA[62]]></dc:SiteServer_ParentID>
<dc:SiteServer_ParentsPath xmlns:dc="http://purl.org/dc/elements/1.1/"><![CDATA[62]]></dc:SiteServer_ParentsPath>
<dc:SiteServer_ParentsCount xmlns:dc="http://purl.org/dc/elements/1.1/"><![CDATA[1]]></dc:SiteServer_ParentsCount>
<dc:SiteServer_ChildrenCount xmlns:dc="http://purl.org/dc/elements/1.1/"><![CDATA[0]]></dc:SiteServer_ChildrenCount>
<dc:SiteServer_IsLastNode xmlns:dc="http://purl.org/dc/elements/1.1/"><![CDATA[False]]></dc:SiteServer_IsLastNode>
<dc:SiteServer_NodeIndexName xmlns:dc="http://purl.org/dc/elements/1.1/"><![CDATA[模型展示]]></dc:SiteServer_NodeIndexName>
<dc:SiteServer_Taxis xmlns:dc="http://purl.org/dc/elements/1.1/"><![CDATA[5]]></dc:SiteServer_Taxis>
<dc:SiteServer_AddUserName xmlns:dc="http://purl.org/dc/elements/1.1/"><![CDATA[sa]]></dc:SiteServer_AddUserName>
<dc:SiteServer_AddDate xmlns:dc="http://purl.org/dc/elements/1.1/"><![CDATA[2011年9月10日]]></dc:SiteServer_AddDate>
<dc:SiteServer_ContentNum xmlns:dc="http://purl.org/dc/elements/1.1/"><![CDATA[0]]></dc:SiteServer_ContentNum>
<dc:SiteServer_LinkType xmlns:dc="http://purl.org/dc/elements/1.1/"><![CDATA[LinkNoRelatedToChannelAndContent]]></dc:SiteServer_LinkType>
<dc:SiteServer_ChannelTemplateID xmlns:dc="http://purl.org/dc/elements/1.1/"><![CDATA[43]]></dc:SiteServer_ChannelTemplateID>
<dc:SiteServer_ContentTemplateID xmlns:dc="http://purl.org/dc/elements/1.1/"><![CDATA[36]]></dc:SiteServer_ContentTemplateID>
<dc:SiteServer_ExtendValues xmlns:dc="http://purl.org/dc/elements/1.1/"><![CDATA[ischanneladdable=True&iscontentaddable=True]]></dc:SiteServer_ExtendValues>
<dc:SiteServer_ChannelTemplateName xmlns:dc="http://purl.org/dc/elements/1.1/"><![CDATA[模具展示]]></dc:SiteServer_ChannelTemplateName>
<dc:SiteServer_ContentTemplateName xmlns:dc="http://purl.org/dc/elements/1.1/"><![CDATA[系统内容模板]]></dc:SiteServer_ContentTemplateName>
</feed>
