﻿<?xml version="1.0" encoding="utf-8"?>
<!--Generated by SiteServer CMS-->
<feed version="0.3" xmlns="http://purl.org/atom/ns#">
<title>siteserver channel</title>
<author>
<name>siteserver</name>
<url>http://www.siteserver.cn/</url>
</author>
<generator url="http://www.siteserver.cn/" version="1.0.4221.15493">Generated by SiteServer CMS</generator>
<modified>2011-09-23T15:44:24+08:00</modified>
<dc:SiteServer_NodeID xmlns:dc="http://purl.org/dc/elements/1.1/"><![CDATA[69]]></dc:SiteServer_NodeID>
<dc:SiteServer_NodeName xmlns:dc="http://purl.org/dc/elements/1.1/"><![CDATA[大图]]></dc:SiteServer_NodeName>
<dc:SiteServer_NodeType xmlns:dc="http://purl.org/dc/elements/1.1/"><![CDATA[BackgroundNormalNode]]></dc:SiteServer_NodeType>
<dc:SiteServer_PublishmentSystemID xmlns:dc="http://purl.org/dc/elements/1.1/"><![CDATA[62]]></dc:SiteServer_PublishmentSystemID>
<dc:SiteServer_ParentID xmlns:dc="http://purl.org/dc/elements/1.1/"><![CDATA[62]]></dc:SiteServer_ParentID>
<dc:SiteServer_ParentsPath xmlns:dc="http://purl.org/dc/elements/1.1/"><![CDATA[62]]></dc:SiteServer_ParentsPath>
<dc:SiteServer_ParentsCount xmlns:dc="http://purl.org/dc/elements/1.1/"><![CDATA[1]]></dc:SiteServer_ParentsCount>
<dc:SiteServer_ChildrenCount xmlns:dc="http://purl.org/dc/elements/1.1/"><![CDATA[0]]></dc:SiteServer_ChildrenCount>
<dc:SiteServer_IsLastNode xmlns:dc="http://purl.org/dc/elements/1.1/"><![CDATA[False]]></dc:SiteServer_IsLastNode>
<dc:SiteServer_NodeIndexName xmlns:dc="http://purl.org/dc/elements/1.1/"><![CDATA[大图]]></dc:SiteServer_NodeIndexName>
<dc:SiteServer_Taxis xmlns:dc="http://purl.org/dc/elements/1.1/"><![CDATA[8]]></dc:SiteServer_Taxis>
<dc:SiteServer_AddUserName xmlns:dc="http://purl.org/dc/elements/1.1/"><![CDATA[sa]]></dc:SiteServer_AddUserName>
<dc:SiteServer_AddDate xmlns:dc="http://purl.org/dc/elements/1.1/"><![CDATA[2011年9月10日]]></dc:SiteServer_AddDate>
<dc:SiteServer_ContentNum xmlns:dc="http://purl.org/dc/elements/1.1/"><![CDATA[4]]></dc:SiteServer_ContentNum>
<dc:SiteServer_LinkType xmlns:dc="http://purl.org/dc/elements/1.1/"><![CDATA[LinkNoRelatedToChannelAndContent]]></dc:SiteServer_LinkType>
<dc:SiteServer_ChannelTemplateID xmlns:dc="http://purl.org/dc/elements/1.1/"><![CDATA[35]]></dc:SiteServer_ChannelTemplateID>
<dc:SiteServer_ContentTemplateID xmlns:dc="http://purl.org/dc/elements/1.1/"><![CDATA[36]]></dc:SiteServer_ContentTemplateID>
<dc:SiteServer_ChannelTemplateName xmlns:dc="http://purl.org/dc/elements/1.1/"><![CDATA[系统栏目模板]]></dc:SiteServer_ChannelTemplateName>
<dc:SiteServer_ContentTemplateName xmlns:dc="http://purl.org/dc/elements/1.1/"><![CDATA[系统内容模板]]></dc:SiteServer_ContentTemplateName>
<entry>
<title>title</title>
<id>http://www.siteserver.cn/</id>
<modified>2011-09-23T15:44:24+08:00</modified>
<issued>2011-09-23T15:44:24+08:00</issued>
<created>2011-09-23T15:44:24+08:00</created>
<dc:SiteServer_ID xmlns:dc="http://purl.org/dc/elements/1.1/"><![CDATA[754]]></dc:SiteServer_ID>
<dc:SiteServer_NodeID xmlns:dc="http://purl.org/dc/elements/1.1/"><![CDATA[69]]></dc:SiteServer_NodeID>
<dc:SiteServer_PublishmentSystemID xmlns:dc="http://purl.org/dc/elements/1.1/"><![CDATA[62]]></dc:SiteServer_PublishmentSystemID>
<dc:SiteServer_AddUserName xmlns:dc="http://purl.org/dc/elements/1.1/"><![CDATA[sa]]></dc:SiteServer_AddUserName>
<dc:SiteServer_LastEditUserName xmlns:dc="http://purl.org/dc/elements/1.1/"><![CDATA[sa]]></dc:SiteServer_LastEditUserName>
<dc:SiteServer_LastEditDate xmlns:dc="http://purl.org/dc/elements/1.1/"><![CDATA[2011/9/10 17:10:48]]></dc:SiteServer_LastEditDate>
<dc:SiteServer_Taxis xmlns:dc="http://purl.org/dc/elements/1.1/"><![CDATA[1]]></dc:SiteServer_Taxis>
<dc:SiteServer_IsChecked xmlns:dc="http://purl.org/dc/elements/1.1/"><![CDATA[True]]></dc:SiteServer_IsChecked>
<dc:SiteServer_CheckedLevel xmlns:dc="http://purl.org/dc/elements/1.1/"><![CDATA[1]]></dc:SiteServer_CheckedLevel>
<dc:SiteServer_Hits xmlns:dc="http://purl.org/dc/elements/1.1/"><![CDATA[0]]></dc:SiteServer_Hits>
<dc:SiteServer_HitsByDay xmlns:dc="http://purl.org/dc/elements/1.1/"><![CDATA[0]]></dc:SiteServer_HitsByDay>
<dc:SiteServer_HitsByWeek xmlns:dc="http://purl.org/dc/elements/1.1/"><![CDATA[0]]></dc:SiteServer_HitsByWeek>
<dc:SiteServer_HitsByMonth xmlns:dc="http://purl.org/dc/elements/1.1/"><![CDATA[0]]></dc:SiteServer_HitsByMonth>
<dc:SiteServer_LastHitsDate xmlns:dc="http://purl.org/dc/elements/1.1/"><![CDATA[2011/9/10 17:10:48]]></dc:SiteServer_LastHitsDate>
<dc:SiteServer_Title xmlns:dc="http://purl.org/dc/elements/1.1/"><![CDATA[Y/+SnYfE0VqzgiHE58jdiQ==]]></dc:SiteServer_Title>
<dc:SiteServer_IsTop xmlns:dc="http://purl.org/dc/elements/1.1/"><![CDATA[False]]></dc:SiteServer_IsTop>
<dc:SiteServer_AddDate xmlns:dc="http://purl.org/dc/elements/1.1/"><![CDATA[2011/9/10 17:10:00]]></dc:SiteServer_AddDate>
<dc:SiteServer_imageurl xmlns:dc="http://purl.org/dc/elements/1.1/"><![CDATA[CXKfSGKalCAI8gKVIk+o9ckjb2dKpWmlaRHtu2OLA9Y=]]></dc:SiteServer_imageurl>
<dc:SiteServer_linkurl xmlns:dc="http://purl.org/dc/elements/1.1/"><![CDATA[f17sjotuXxo=]]></dc:SiteServer_linkurl>
<dc:SiteServer_isrecommend xmlns:dc="http://purl.org/dc/elements/1.1/"><![CDATA[yAriKCEGpnc=]]></dc:SiteServer_isrecommend>
<dc:SiteServer_ishot xmlns:dc="http://purl.org/dc/elements/1.1/"><![CDATA[yAriKCEGpnc=]]></dc:SiteServer_ishot>
<dc:SiteServer_iscolor xmlns:dc="http://purl.org/dc/elements/1.1/"><![CDATA[yAriKCEGpnc=]]></dc:SiteServer_iscolor>
<dc:SiteServer_titleformatstring xmlns:dc="http://purl.org/dc/elements/1.1/"><![CDATA[gS5v14GEtRgpRV+jhkACTC3JFjAckCMO]]></dc:SiteServer_titleformatstring>
</entry>
<entry>
<title>title</title>
<id>http://www.siteserver.cn/</id>
<modified>2011-09-23T15:44:24+08:00</modified>
<issued>2011-09-23T15:44:24+08:00</issued>
<created>2011-09-23T15:44:24+08:00</created>
<dc:SiteServer_ID xmlns:dc="http://purl.org/dc/elements/1.1/"><![CDATA[755]]></dc:SiteServer_ID>
<dc:SiteServer_NodeID xmlns:dc="http://purl.org/dc/elements/1.1/"><![CDATA[69]]></dc:SiteServer_NodeID>
<dc:SiteServer_PublishmentSystemID xmlns:dc="http://purl.org/dc/elements/1.1/"><![CDATA[62]]></dc:SiteServer_PublishmentSystemID>
<dc:SiteServer_AddUserName xmlns:dc="http://purl.org/dc/elements/1.1/"><![CDATA[sa]]></dc:SiteServer_AddUserName>
<dc:SiteServer_LastEditUserName xmlns:dc="http://purl.org/dc/elements/1.1/"><![CDATA[sa]]></dc:SiteServer_LastEditUserName>
<dc:SiteServer_LastEditDate xmlns:dc="http://purl.org/dc/elements/1.1/"><![CDATA[2011/9/12 12:06:16]]></dc:SiteServer_LastEditDate>
<dc:SiteServer_Taxis xmlns:dc="http://purl.org/dc/elements/1.1/"><![CDATA[2]]></dc:SiteServer_Taxis>
<dc:SiteServer_IsChecked xmlns:dc="http://purl.org/dc/elements/1.1/"><![CDATA[True]]></dc:SiteServer_IsChecked>
<dc:SiteServer_CheckedLevel xmlns:dc="http://purl.org/dc/elements/1.1/"><![CDATA[1]]></dc:SiteServer_CheckedLevel>
<dc:SiteServer_Hits xmlns:dc="http://purl.org/dc/elements/1.1/"><![CDATA[0]]></dc:SiteServer_Hits>
<dc:SiteServer_HitsByDay xmlns:dc="http://purl.org/dc/elements/1.1/"><![CDATA[0]]></dc:SiteServer_HitsByDay>
<dc:SiteServer_HitsByWeek xmlns:dc="http://purl.org/dc/elements/1.1/"><![CDATA[0]]></dc:SiteServer_HitsByWeek>
<dc:SiteServer_HitsByMonth xmlns:dc="http://purl.org/dc/elements/1.1/"><![CDATA[0]]></dc:SiteServer_HitsByMonth>
<dc:SiteServer_LastHitsDate xmlns:dc="http://purl.org/dc/elements/1.1/"><![CDATA[2011/9/10 17:11:15]]></dc:SiteServer_LastHitsDate>
<dc:SiteServer_Title xmlns:dc="http://purl.org/dc/elements/1.1/"><![CDATA[gFTSTohirFZ2M5M+UtDG9g==]]></dc:SiteServer_Title>
<dc:SiteServer_IsTop xmlns:dc="http://purl.org/dc/elements/1.1/"><![CDATA[False]]></dc:SiteServer_IsTop>
<dc:SiteServer_AddDate xmlns:dc="http://purl.org/dc/elements/1.1/"><![CDATA[2011/9/10 17:10:00]]></dc:SiteServer_AddDate>
<dc:SiteServer_imageurl xmlns:dc="http://purl.org/dc/elements/1.1/"><![CDATA[CXKfSGKalCAI8gKVIk+o9TCPsMdM1BYbHvxG7aRlJaE=]]></dc:SiteServer_imageurl>
<dc:SiteServer_linkurl xmlns:dc="http://purl.org/dc/elements/1.1/"><![CDATA[f17sjotuXxo=]]></dc:SiteServer_linkurl>
<dc:SiteServer_isrecommend xmlns:dc="http://purl.org/dc/elements/1.1/"><![CDATA[yAriKCEGpnc=]]></dc:SiteServer_isrecommend>
<dc:SiteServer_ishot xmlns:dc="http://purl.org/dc/elements/1.1/"><![CDATA[yAriKCEGpnc=]]></dc:SiteServer_ishot>
<dc:SiteServer_iscolor xmlns:dc="http://purl.org/dc/elements/1.1/"><![CDATA[yAriKCEGpnc=]]></dc:SiteServer_iscolor>
<dc:SiteServer_titleformatstring xmlns:dc="http://purl.org/dc/elements/1.1/"><![CDATA[gS5v14GEtRgpRV+jhkACTC3JFjAckCMO]]></dc:SiteServer_titleformatstring>
</entry>
<entry>
<title>title</title>
<id>http://www.siteserver.cn/</id>
<modified>2011-09-23T15:44:24+08:00</modified>
<issued>2011-09-23T15:44:24+08:00</issued>
<created>2011-09-23T15:44:24+08:00</created>
<dc:SiteServer_ID xmlns:dc="http://purl.org/dc/elements/1.1/"><![CDATA[753]]></dc:SiteServer_ID>
<dc:SiteServer_NodeID xmlns:dc="http://purl.org/dc/elements/1.1/"><![CDATA[69]]></dc:SiteServer_NodeID>
<dc:SiteServer_PublishmentSystemID xmlns:dc="http://purl.org/dc/elements/1.1/"><![CDATA[62]]></dc:SiteServer_PublishmentSystemID>
<dc:SiteServer_AddUserName xmlns:dc="http://purl.org/dc/elements/1.1/"><![CDATA[sa]]></dc:SiteServer_AddUserName>
<dc:SiteServer_LastEditUserName xmlns:dc="http://purl.org/dc/elements/1.1/"><![CDATA[sa]]></dc:SiteServer_LastEditUserName>
<dc:SiteServer_LastEditDate xmlns:dc="http://purl.org/dc/elements/1.1/"><![CDATA[2011/9/10 17:10:25]]></dc:SiteServer_LastEditDate>
<dc:SiteServer_Taxis xmlns:dc="http://purl.org/dc/elements/1.1/"><![CDATA[3]]></dc:SiteServer_Taxis>
<dc:SiteServer_IsChecked xmlns:dc="http://purl.org/dc/elements/1.1/"><![CDATA[True]]></dc:SiteServer_IsChecked>
<dc:SiteServer_CheckedLevel xmlns:dc="http://purl.org/dc/elements/1.1/"><![CDATA[1]]></dc:SiteServer_CheckedLevel>
<dc:SiteServer_Hits xmlns:dc="http://purl.org/dc/elements/1.1/"><![CDATA[0]]></dc:SiteServer_Hits>
<dc:SiteServer_HitsByDay xmlns:dc="http://purl.org/dc/elements/1.1/"><![CDATA[0]]></dc:SiteServer_HitsByDay>
<dc:SiteServer_HitsByWeek xmlns:dc="http://purl.org/dc/elements/1.1/"><![CDATA[0]]></dc:SiteServer_HitsByWeek>
<dc:SiteServer_HitsByMonth xmlns:dc="http://purl.org/dc/elements/1.1/"><![CDATA[0]]></dc:SiteServer_HitsByMonth>
<dc:SiteServer_LastHitsDate xmlns:dc="http://purl.org/dc/elements/1.1/"><![CDATA[2011/9/10 17:10:25]]></dc:SiteServer_LastHitsDate>
<dc:SiteServer_Title xmlns:dc="http://purl.org/dc/elements/1.1/"><![CDATA[gFTSTohirFYFN+5luf5dJA==]]></dc:SiteServer_Title>
<dc:SiteServer_IsTop xmlns:dc="http://purl.org/dc/elements/1.1/"><![CDATA[False]]></dc:SiteServer_IsTop>
<dc:SiteServer_AddDate xmlns:dc="http://purl.org/dc/elements/1.1/"><![CDATA[2011/9/10 17:09:00]]></dc:SiteServer_AddDate>
<dc:SiteServer_imageurl xmlns:dc="http://purl.org/dc/elements/1.1/"><![CDATA[CXKfSGKalCAI8gKVIk+o9aFopbE70r61/F0FuYdF5po=]]></dc:SiteServer_imageurl>
<dc:SiteServer_linkurl xmlns:dc="http://purl.org/dc/elements/1.1/"><![CDATA[f17sjotuXxo=]]></dc:SiteServer_linkurl>
<dc:SiteServer_isrecommend xmlns:dc="http://purl.org/dc/elements/1.1/"><![CDATA[yAriKCEGpnc=]]></dc:SiteServer_isrecommend>
<dc:SiteServer_ishot xmlns:dc="http://purl.org/dc/elements/1.1/"><![CDATA[yAriKCEGpnc=]]></dc:SiteServer_ishot>
<dc:SiteServer_iscolor xmlns:dc="http://purl.org/dc/elements/1.1/"><![CDATA[yAriKCEGpnc=]]></dc:SiteServer_iscolor>
<dc:SiteServer_titleformatstring xmlns:dc="http://purl.org/dc/elements/1.1/"><![CDATA[gS5v14GEtRgpRV+jhkACTC3JFjAckCMO]]></dc:SiteServer_titleformatstring>
</entry>
<entry>
<title>title</title>
<id>http://www.siteserver.cn/</id>
<modified>2011-09-23T15:44:24+08:00</modified>
<issued>2011-09-23T15:44:24+08:00</issued>
<created>2011-09-23T15:44:24+08:00</created>
<dc:SiteServer_ID xmlns:dc="http://purl.org/dc/elements/1.1/"><![CDATA[1196]]></dc:SiteServer_ID>
<dc:SiteServer_NodeID xmlns:dc="http://purl.org/dc/elements/1.1/"><![CDATA[69]]></dc:SiteServer_NodeID>
<dc:SiteServer_PublishmentSystemID xmlns:dc="http://purl.org/dc/elements/1.1/"><![CDATA[62]]></dc:SiteServer_PublishmentSystemID>
<dc:SiteServer_AddUserName xmlns:dc="http://purl.org/dc/elements/1.1/"><![CDATA[sa]]></dc:SiteServer_AddUserName>
<dc:SiteServer_LastEditUserName xmlns:dc="http://purl.org/dc/elements/1.1/"><![CDATA[sa]]></dc:SiteServer_LastEditUserName>
<dc:SiteServer_LastEditDate xmlns:dc="http://purl.org/dc/elements/1.1/"><![CDATA[2011/9/12 12:04:13]]></dc:SiteServer_LastEditDate>
<dc:SiteServer_Taxis xmlns:dc="http://purl.org/dc/elements/1.1/"><![CDATA[4]]></dc:SiteServer_Taxis>
<dc:SiteServer_IsChecked xmlns:dc="http://purl.org/dc/elements/1.1/"><![CDATA[True]]></dc:SiteServer_IsChecked>
<dc:SiteServer_CheckedLevel xmlns:dc="http://purl.org/dc/elements/1.1/"><![CDATA[1]]></dc:SiteServer_CheckedLevel>
<dc:SiteServer_Hits xmlns:dc="http://purl.org/dc/elements/1.1/"><![CDATA[0]]></dc:SiteServer_Hits>
<dc:SiteServer_HitsByDay xmlns:dc="http://purl.org/dc/elements/1.1/"><![CDATA[0]]></dc:SiteServer_HitsByDay>
<dc:SiteServer_HitsByWeek xmlns:dc="http://purl.org/dc/elements/1.1/"><![CDATA[0]]></dc:SiteServer_HitsByWeek>
<dc:SiteServer_HitsByMonth xmlns:dc="http://purl.org/dc/elements/1.1/"><![CDATA[0]]></dc:SiteServer_HitsByMonth>
<dc:SiteServer_LastHitsDate xmlns:dc="http://purl.org/dc/elements/1.1/"><![CDATA[2011/9/12 12:02:17]]></dc:SiteServer_LastHitsDate>
<dc:SiteServer_Title xmlns:dc="http://purl.org/dc/elements/1.1/"><![CDATA[T2IM4bifwDFIbBijkm/rww==]]></dc:SiteServer_Title>
<dc:SiteServer_IsTop xmlns:dc="http://purl.org/dc/elements/1.1/"><![CDATA[False]]></dc:SiteServer_IsTop>
<dc:SiteServer_AddDate xmlns:dc="http://purl.org/dc/elements/1.1/"><![CDATA[2011/9/12 12:01:00]]></dc:SiteServer_AddDate>
<dc:SiteServer_imageurl xmlns:dc="http://purl.org/dc/elements/1.1/"><![CDATA[CXKfSGKalCAI8gKVIk+o9UFEj6efHaZ1/qg9AkGzAmw=]]></dc:SiteServer_imageurl>
<dc:SiteServer_linkurl xmlns:dc="http://purl.org/dc/elements/1.1/"><![CDATA[f17sjotuXxo=]]></dc:SiteServer_linkurl>
<dc:SiteServer_isrecommend xmlns:dc="http://purl.org/dc/elements/1.1/"><![CDATA[yAriKCEGpnc=]]></dc:SiteServer_isrecommend>
<dc:SiteServer_ishot xmlns:dc="http://purl.org/dc/elements/1.1/"><![CDATA[yAriKCEGpnc=]]></dc:SiteServer_ishot>
<dc:SiteServer_iscolor xmlns:dc="http://purl.org/dc/elements/1.1/"><![CDATA[yAriKCEGpnc=]]></dc:SiteServer_iscolor>
<dc:SiteServer_titleformatstring xmlns:dc="http://purl.org/dc/elements/1.1/"><![CDATA[gS5v14GEtRgpRV+jhkACTC3JFjAckCMO]]></dc:SiteServer_titleformatstring>
</entry>
</feed>
