﻿<?xml version="1.0" encoding="utf-8"?>
<!--Generated by SiteServer CMS-->
<feed version="0.3" xmlns="http://purl.org/atom/ns#">
<title>siteserver channel</title>
<author>
<name>siteserver</name>
<url>http://www.siteserver.cn/</url>
</author>
<generator url="http://www.siteserver.cn/" version="1.0.4221.15493">Generated by SiteServer CMS</generator>
<modified>2011-09-23T15:44:24+08:00</modified>
<dc:SiteServer_NodeID xmlns:dc="http://purl.org/dc/elements/1.1/"><![CDATA[70]]></dc:SiteServer_NodeID>
<dc:SiteServer_NodeName xmlns:dc="http://purl.org/dc/elements/1.1/"><![CDATA[方案模型]]></dc:SiteServer_NodeName>
<dc:SiteServer_NodeType xmlns:dc="http://purl.org/dc/elements/1.1/"><![CDATA[BackgroundNormalNode]]></dc:SiteServer_NodeType>
<dc:SiteServer_PublishmentSystemID xmlns:dc="http://purl.org/dc/elements/1.1/"><![CDATA[62]]></dc:SiteServer_PublishmentSystemID>
<dc:SiteServer_ParentID xmlns:dc="http://purl.org/dc/elements/1.1/"><![CDATA[62]]></dc:SiteServer_ParentID>
<dc:SiteServer_ParentsPath xmlns:dc="http://purl.org/dc/elements/1.1/"><![CDATA[62]]></dc:SiteServer_ParentsPath>
<dc:SiteServer_ParentsCount xmlns:dc="http://purl.org/dc/elements/1.1/"><![CDATA[1]]></dc:SiteServer_ParentsCount>
<dc:SiteServer_ChildrenCount xmlns:dc="http://purl.org/dc/elements/1.1/"><![CDATA[0]]></dc:SiteServer_ChildrenCount>
<dc:SiteServer_IsLastNode xmlns:dc="http://purl.org/dc/elements/1.1/"><![CDATA[True]]></dc:SiteServer_IsLastNode>
<dc:SiteServer_NodeIndexName xmlns:dc="http://purl.org/dc/elements/1.1/"><![CDATA[方案模型]]></dc:SiteServer_NodeIndexName>
<dc:SiteServer_Taxis xmlns:dc="http://purl.org/dc/elements/1.1/"><![CDATA[9]]></dc:SiteServer_Taxis>
<dc:SiteServer_AddUserName xmlns:dc="http://purl.org/dc/elements/1.1/"><![CDATA[sa]]></dc:SiteServer_AddUserName>
<dc:SiteServer_AddDate xmlns:dc="http://purl.org/dc/elements/1.1/"><![CDATA[2011年9月10日]]></dc:SiteServer_AddDate>
<dc:SiteServer_ContentNum xmlns:dc="http://purl.org/dc/elements/1.1/"><![CDATA[8]]></dc:SiteServer_ContentNum>
<dc:SiteServer_LinkType xmlns:dc="http://purl.org/dc/elements/1.1/"><![CDATA[LinkNoRelatedToChannelAndContent]]></dc:SiteServer_LinkType>
<dc:SiteServer_ChannelTemplateID xmlns:dc="http://purl.org/dc/elements/1.1/"><![CDATA[35]]></dc:SiteServer_ChannelTemplateID>
<dc:SiteServer_ContentTemplateID xmlns:dc="http://purl.org/dc/elements/1.1/"><![CDATA[36]]></dc:SiteServer_ContentTemplateID>
<dc:SiteServer_ChannelTemplateName xmlns:dc="http://purl.org/dc/elements/1.1/"><![CDATA[系统栏目模板]]></dc:SiteServer_ChannelTemplateName>
<dc:SiteServer_ContentTemplateName xmlns:dc="http://purl.org/dc/elements/1.1/"><![CDATA[系统内容模板]]></dc:SiteServer_ContentTemplateName>
<entry>
<title>title</title>
<id>http://www.siteserver.cn/</id>
<modified>2011-09-23T15:44:24+08:00</modified>
<issued>2011-09-23T15:44:24+08:00</issued>
<created>2011-09-23T15:44:24+08:00</created>
<dc:SiteServer_ID xmlns:dc="http://purl.org/dc/elements/1.1/"><![CDATA[756]]></dc:SiteServer_ID>
<dc:SiteServer_NodeID xmlns:dc="http://purl.org/dc/elements/1.1/"><![CDATA[70]]></dc:SiteServer_NodeID>
<dc:SiteServer_PublishmentSystemID xmlns:dc="http://purl.org/dc/elements/1.1/"><![CDATA[62]]></dc:SiteServer_PublishmentSystemID>
<dc:SiteServer_AddUserName xmlns:dc="http://purl.org/dc/elements/1.1/"><![CDATA[sa]]></dc:SiteServer_AddUserName>
<dc:SiteServer_LastEditUserName xmlns:dc="http://purl.org/dc/elements/1.1/"><![CDATA[sa]]></dc:SiteServer_LastEditUserName>
<dc:SiteServer_LastEditDate xmlns:dc="http://purl.org/dc/elements/1.1/"><![CDATA[2011/9/12 12:29:41]]></dc:SiteServer_LastEditDate>
<dc:SiteServer_Taxis xmlns:dc="http://purl.org/dc/elements/1.1/"><![CDATA[1]]></dc:SiteServer_Taxis>
<dc:SiteServer_IsChecked xmlns:dc="http://purl.org/dc/elements/1.1/"><![CDATA[True]]></dc:SiteServer_IsChecked>
<dc:SiteServer_CheckedLevel xmlns:dc="http://purl.org/dc/elements/1.1/"><![CDATA[1]]></dc:SiteServer_CheckedLevel>
<dc:SiteServer_Hits xmlns:dc="http://purl.org/dc/elements/1.1/"><![CDATA[0]]></dc:SiteServer_Hits>
<dc:SiteServer_HitsByDay xmlns:dc="http://purl.org/dc/elements/1.1/"><![CDATA[0]]></dc:SiteServer_HitsByDay>
<dc:SiteServer_HitsByWeek xmlns:dc="http://purl.org/dc/elements/1.1/"><![CDATA[0]]></dc:SiteServer_HitsByWeek>
<dc:SiteServer_HitsByMonth xmlns:dc="http://purl.org/dc/elements/1.1/"><![CDATA[0]]></dc:SiteServer_HitsByMonth>
<dc:SiteServer_LastHitsDate xmlns:dc="http://purl.org/dc/elements/1.1/"><![CDATA[2011/9/10 17:30:04]]></dc:SiteServer_LastHitsDate>
<dc:SiteServer_Title xmlns:dc="http://purl.org/dc/elements/1.1/"><![CDATA[EtYy5pAGdgagFXWcbnNtNA==]]></dc:SiteServer_Title>
<dc:SiteServer_IsTop xmlns:dc="http://purl.org/dc/elements/1.1/"><![CDATA[False]]></dc:SiteServer_IsTop>
<dc:SiteServer_AddDate xmlns:dc="http://purl.org/dc/elements/1.1/"><![CDATA[2011/9/10 17:28:00]]></dc:SiteServer_AddDate>
<dc:SiteServer_imageurl xmlns:dc="http://purl.org/dc/elements/1.1/"><![CDATA[CXKfSGKalCAI8gKVIk+o9YUaitF2+ZFqm/bb7sDfB8E=]]></dc:SiteServer_imageurl>
<dc:SiteServer_isrecommend xmlns:dc="http://purl.org/dc/elements/1.1/"><![CDATA[yAriKCEGpnc=]]></dc:SiteServer_isrecommend>
<dc:SiteServer_ishot xmlns:dc="http://purl.org/dc/elements/1.1/"><![CDATA[yAriKCEGpnc=]]></dc:SiteServer_ishot>
<dc:SiteServer_iscolor xmlns:dc="http://purl.org/dc/elements/1.1/"><![CDATA[yAriKCEGpnc=]]></dc:SiteServer_iscolor>
<dc:SiteServer_content xmlns:dc="http://purl.org/dc/elements/1.1/"><![CDATA[EEmuT+38aLr3EE4unCsmE7EoWIOGEjvlUosh3pnsS1aE5Z7P7R5Hu552TGK1B2GNBzi6hJM7YepHENPLmA/XZXuu2Zjs3qf+]]></dc:SiteServer_content>
<dc:SiteServer_titleformatstring xmlns:dc="http://purl.org/dc/elements/1.1/"><![CDATA[gS5v14GEtRgpRV+jhkACTC3JFjAckCMO]]></dc:SiteServer_titleformatstring>
</entry>
<entry>
<title>title</title>
<id>http://www.siteserver.cn/</id>
<modified>2011-09-23T15:44:24+08:00</modified>
<issued>2011-09-23T15:44:24+08:00</issued>
<created>2011-09-23T15:44:24+08:00</created>
<dc:SiteServer_ID xmlns:dc="http://purl.org/dc/elements/1.1/"><![CDATA[757]]></dc:SiteServer_ID>
<dc:SiteServer_NodeID xmlns:dc="http://purl.org/dc/elements/1.1/"><![CDATA[70]]></dc:SiteServer_NodeID>
<dc:SiteServer_PublishmentSystemID xmlns:dc="http://purl.org/dc/elements/1.1/"><![CDATA[62]]></dc:SiteServer_PublishmentSystemID>
<dc:SiteServer_AddUserName xmlns:dc="http://purl.org/dc/elements/1.1/"><![CDATA[sa]]></dc:SiteServer_AddUserName>
<dc:SiteServer_LastEditUserName xmlns:dc="http://purl.org/dc/elements/1.1/"><![CDATA[sa]]></dc:SiteServer_LastEditUserName>
<dc:SiteServer_LastEditDate xmlns:dc="http://purl.org/dc/elements/1.1/"><![CDATA[2011/9/12 12:29:20]]></dc:SiteServer_LastEditDate>
<dc:SiteServer_Taxis xmlns:dc="http://purl.org/dc/elements/1.1/"><![CDATA[2]]></dc:SiteServer_Taxis>
<dc:SiteServer_IsChecked xmlns:dc="http://purl.org/dc/elements/1.1/"><![CDATA[True]]></dc:SiteServer_IsChecked>
<dc:SiteServer_CheckedLevel xmlns:dc="http://purl.org/dc/elements/1.1/"><![CDATA[1]]></dc:SiteServer_CheckedLevel>
<dc:SiteServer_Hits xmlns:dc="http://purl.org/dc/elements/1.1/"><![CDATA[0]]></dc:SiteServer_Hits>
<dc:SiteServer_HitsByDay xmlns:dc="http://purl.org/dc/elements/1.1/"><![CDATA[0]]></dc:SiteServer_HitsByDay>
<dc:SiteServer_HitsByWeek xmlns:dc="http://purl.org/dc/elements/1.1/"><![CDATA[0]]></dc:SiteServer_HitsByWeek>
<dc:SiteServer_HitsByMonth xmlns:dc="http://purl.org/dc/elements/1.1/"><![CDATA[0]]></dc:SiteServer_HitsByMonth>
<dc:SiteServer_LastHitsDate xmlns:dc="http://purl.org/dc/elements/1.1/"><![CDATA[2011/9/10 17:30:17]]></dc:SiteServer_LastHitsDate>
<dc:SiteServer_Title xmlns:dc="http://purl.org/dc/elements/1.1/"><![CDATA[IxaYxHsIS5Ad4b8OArSw+g==]]></dc:SiteServer_Title>
<dc:SiteServer_IsTop xmlns:dc="http://purl.org/dc/elements/1.1/"><![CDATA[False]]></dc:SiteServer_IsTop>
<dc:SiteServer_AddDate xmlns:dc="http://purl.org/dc/elements/1.1/"><![CDATA[2011/9/10 17:30:00]]></dc:SiteServer_AddDate>
<dc:SiteServer_imageurl xmlns:dc="http://purl.org/dc/elements/1.1/"><![CDATA[CXKfSGKalCAI8gKVIk+o9QpVvuew5ljxPU16aNefO9E=]]></dc:SiteServer_imageurl>
<dc:SiteServer_isrecommend xmlns:dc="http://purl.org/dc/elements/1.1/"><![CDATA[yAriKCEGpnc=]]></dc:SiteServer_isrecommend>
<dc:SiteServer_ishot xmlns:dc="http://purl.org/dc/elements/1.1/"><![CDATA[yAriKCEGpnc=]]></dc:SiteServer_ishot>
<dc:SiteServer_iscolor xmlns:dc="http://purl.org/dc/elements/1.1/"><![CDATA[yAriKCEGpnc=]]></dc:SiteServer_iscolor>
<dc:SiteServer_content xmlns:dc="http://purl.org/dc/elements/1.1/"><![CDATA[EEmuT+38aLr3EE4unCsmE7EoWIOGEjvlUosh3pnsS1aE5Z7P7R5Hu552TGK1B2GNeyBF7J0muSzSTEp/lWTXlKitkwhbuxZJ]]></dc:SiteServer_content>
<dc:SiteServer_titleformatstring xmlns:dc="http://purl.org/dc/elements/1.1/"><![CDATA[gS5v14GEtRgpRV+jhkACTC3JFjAckCMO]]></dc:SiteServer_titleformatstring>
</entry>
<entry>
<title>title</title>
<id>http://www.siteserver.cn/</id>
<modified>2011-09-23T15:44:24+08:00</modified>
<issued>2011-09-23T15:44:24+08:00</issued>
<created>2011-09-23T15:44:24+08:00</created>
<dc:SiteServer_ID xmlns:dc="http://purl.org/dc/elements/1.1/"><![CDATA[758]]></dc:SiteServer_ID>
<dc:SiteServer_NodeID xmlns:dc="http://purl.org/dc/elements/1.1/"><![CDATA[70]]></dc:SiteServer_NodeID>
<dc:SiteServer_PublishmentSystemID xmlns:dc="http://purl.org/dc/elements/1.1/"><![CDATA[62]]></dc:SiteServer_PublishmentSystemID>
<dc:SiteServer_AddUserName xmlns:dc="http://purl.org/dc/elements/1.1/"><![CDATA[sa]]></dc:SiteServer_AddUserName>
<dc:SiteServer_LastEditUserName xmlns:dc="http://purl.org/dc/elements/1.1/"><![CDATA[sa]]></dc:SiteServer_LastEditUserName>
<dc:SiteServer_LastEditDate xmlns:dc="http://purl.org/dc/elements/1.1/"><![CDATA[2011/9/12 12:28:36]]></dc:SiteServer_LastEditDate>
<dc:SiteServer_Taxis xmlns:dc="http://purl.org/dc/elements/1.1/"><![CDATA[3]]></dc:SiteServer_Taxis>
<dc:SiteServer_IsChecked xmlns:dc="http://purl.org/dc/elements/1.1/"><![CDATA[True]]></dc:SiteServer_IsChecked>
<dc:SiteServer_CheckedLevel xmlns:dc="http://purl.org/dc/elements/1.1/"><![CDATA[1]]></dc:SiteServer_CheckedLevel>
<dc:SiteServer_Hits xmlns:dc="http://purl.org/dc/elements/1.1/"><![CDATA[0]]></dc:SiteServer_Hits>
<dc:SiteServer_HitsByDay xmlns:dc="http://purl.org/dc/elements/1.1/"><![CDATA[0]]></dc:SiteServer_HitsByDay>
<dc:SiteServer_HitsByWeek xmlns:dc="http://purl.org/dc/elements/1.1/"><![CDATA[0]]></dc:SiteServer_HitsByWeek>
<dc:SiteServer_HitsByMonth xmlns:dc="http://purl.org/dc/elements/1.1/"><![CDATA[0]]></dc:SiteServer_HitsByMonth>
<dc:SiteServer_LastHitsDate xmlns:dc="http://purl.org/dc/elements/1.1/"><![CDATA[2011/9/10 17:30:30]]></dc:SiteServer_LastHitsDate>
<dc:SiteServer_Title xmlns:dc="http://purl.org/dc/elements/1.1/"><![CDATA[nSMzO+EudbLvXZdoqFBJQA==]]></dc:SiteServer_Title>
<dc:SiteServer_IsTop xmlns:dc="http://purl.org/dc/elements/1.1/"><![CDATA[False]]></dc:SiteServer_IsTop>
<dc:SiteServer_AddDate xmlns:dc="http://purl.org/dc/elements/1.1/"><![CDATA[2011/9/10 17:30:00]]></dc:SiteServer_AddDate>
<dc:SiteServer_imageurl xmlns:dc="http://purl.org/dc/elements/1.1/"><![CDATA[CXKfSGKalCAI8gKVIk+o9YrhOtqcfyAFrib8t08uRiw=]]></dc:SiteServer_imageurl>
<dc:SiteServer_isrecommend xmlns:dc="http://purl.org/dc/elements/1.1/"><![CDATA[yAriKCEGpnc=]]></dc:SiteServer_isrecommend>
<dc:SiteServer_ishot xmlns:dc="http://purl.org/dc/elements/1.1/"><![CDATA[yAriKCEGpnc=]]></dc:SiteServer_ishot>
<dc:SiteServer_iscolor xmlns:dc="http://purl.org/dc/elements/1.1/"><![CDATA[yAriKCEGpnc=]]></dc:SiteServer_iscolor>
<dc:SiteServer_content xmlns:dc="http://purl.org/dc/elements/1.1/"><![CDATA[EEmuT+38aLr3EE4unCsmE7EoWIOGEjvlUosh3pnsS1aE5Z7P7R5Hu552TGK1B2GN+LPlIg604kUh3GLkTyk//JrBg60UnwY9]]></dc:SiteServer_content>
<dc:SiteServer_titleformatstring xmlns:dc="http://purl.org/dc/elements/1.1/"><![CDATA[gS5v14GEtRgpRV+jhkACTC3JFjAckCMO]]></dc:SiteServer_titleformatstring>
</entry>
<entry>
<title>title</title>
<id>http://www.siteserver.cn/</id>
<modified>2011-09-23T15:44:24+08:00</modified>
<issued>2011-09-23T15:44:24+08:00</issued>
<created>2011-09-23T15:44:24+08:00</created>
<dc:SiteServer_ID xmlns:dc="http://purl.org/dc/elements/1.1/"><![CDATA[759]]></dc:SiteServer_ID>
<dc:SiteServer_NodeID xmlns:dc="http://purl.org/dc/elements/1.1/"><![CDATA[70]]></dc:SiteServer_NodeID>
<dc:SiteServer_PublishmentSystemID xmlns:dc="http://purl.org/dc/elements/1.1/"><![CDATA[62]]></dc:SiteServer_PublishmentSystemID>
<dc:SiteServer_AddUserName xmlns:dc="http://purl.org/dc/elements/1.1/"><![CDATA[sa]]></dc:SiteServer_AddUserName>
<dc:SiteServer_LastEditUserName xmlns:dc="http://purl.org/dc/elements/1.1/"><![CDATA[sa]]></dc:SiteServer_LastEditUserName>
<dc:SiteServer_LastEditDate xmlns:dc="http://purl.org/dc/elements/1.1/"><![CDATA[2011/9/12 12:28:17]]></dc:SiteServer_LastEditDate>
<dc:SiteServer_Taxis xmlns:dc="http://purl.org/dc/elements/1.1/"><![CDATA[4]]></dc:SiteServer_Taxis>
<dc:SiteServer_IsChecked xmlns:dc="http://purl.org/dc/elements/1.1/"><![CDATA[True]]></dc:SiteServer_IsChecked>
<dc:SiteServer_CheckedLevel xmlns:dc="http://purl.org/dc/elements/1.1/"><![CDATA[1]]></dc:SiteServer_CheckedLevel>
<dc:SiteServer_Hits xmlns:dc="http://purl.org/dc/elements/1.1/"><![CDATA[0]]></dc:SiteServer_Hits>
<dc:SiteServer_HitsByDay xmlns:dc="http://purl.org/dc/elements/1.1/"><![CDATA[0]]></dc:SiteServer_HitsByDay>
<dc:SiteServer_HitsByWeek xmlns:dc="http://purl.org/dc/elements/1.1/"><![CDATA[0]]></dc:SiteServer_HitsByWeek>
<dc:SiteServer_HitsByMonth xmlns:dc="http://purl.org/dc/elements/1.1/"><![CDATA[0]]></dc:SiteServer_HitsByMonth>
<dc:SiteServer_LastHitsDate xmlns:dc="http://purl.org/dc/elements/1.1/"><![CDATA[2011/9/10 17:30:43]]></dc:SiteServer_LastHitsDate>
<dc:SiteServer_Title xmlns:dc="http://purl.org/dc/elements/1.1/"><![CDATA[/b9sm3qpIqjz1FWp7jXhpw==]]></dc:SiteServer_Title>
<dc:SiteServer_IsTop xmlns:dc="http://purl.org/dc/elements/1.1/"><![CDATA[False]]></dc:SiteServer_IsTop>
<dc:SiteServer_AddDate xmlns:dc="http://purl.org/dc/elements/1.1/"><![CDATA[2011/9/10 17:30:00]]></dc:SiteServer_AddDate>
<dc:SiteServer_imageurl xmlns:dc="http://purl.org/dc/elements/1.1/"><![CDATA[CXKfSGKalCAI8gKVIk+o9T2IaUb7LmxC1B3gc0QA79Q=]]></dc:SiteServer_imageurl>
<dc:SiteServer_isrecommend xmlns:dc="http://purl.org/dc/elements/1.1/"><![CDATA[yAriKCEGpnc=]]></dc:SiteServer_isrecommend>
<dc:SiteServer_ishot xmlns:dc="http://purl.org/dc/elements/1.1/"><![CDATA[yAriKCEGpnc=]]></dc:SiteServer_ishot>
<dc:SiteServer_iscolor xmlns:dc="http://purl.org/dc/elements/1.1/"><![CDATA[yAriKCEGpnc=]]></dc:SiteServer_iscolor>
<dc:SiteServer_content xmlns:dc="http://purl.org/dc/elements/1.1/"><![CDATA[EEmuT+38aLr3EE4unCsmE7EoWIOGEjvlUosh3pnsS1aE5Z7P7R5Hu552TGK1B2GNFp0KyjsksHbUfzaFaowQmxCYePvbKZr9]]></dc:SiteServer_content>
<dc:SiteServer_titleformatstring xmlns:dc="http://purl.org/dc/elements/1.1/"><![CDATA[gS5v14GEtRgpRV+jhkACTC3JFjAckCMO]]></dc:SiteServer_titleformatstring>
</entry>
<entry>
<title>title</title>
<id>http://www.siteserver.cn/</id>
<modified>2011-09-23T15:44:24+08:00</modified>
<issued>2011-09-23T15:44:24+08:00</issued>
<created>2011-09-23T15:44:24+08:00</created>
<dc:SiteServer_ID xmlns:dc="http://purl.org/dc/elements/1.1/"><![CDATA[760]]></dc:SiteServer_ID>
<dc:SiteServer_NodeID xmlns:dc="http://purl.org/dc/elements/1.1/"><![CDATA[70]]></dc:SiteServer_NodeID>
<dc:SiteServer_PublishmentSystemID xmlns:dc="http://purl.org/dc/elements/1.1/"><![CDATA[62]]></dc:SiteServer_PublishmentSystemID>
<dc:SiteServer_AddUserName xmlns:dc="http://purl.org/dc/elements/1.1/"><![CDATA[sa]]></dc:SiteServer_AddUserName>
<dc:SiteServer_LastEditUserName xmlns:dc="http://purl.org/dc/elements/1.1/"><![CDATA[sa]]></dc:SiteServer_LastEditUserName>
<dc:SiteServer_LastEditDate xmlns:dc="http://purl.org/dc/elements/1.1/"><![CDATA[2011/9/12 12:27:59]]></dc:SiteServer_LastEditDate>
<dc:SiteServer_Taxis xmlns:dc="http://purl.org/dc/elements/1.1/"><![CDATA[5]]></dc:SiteServer_Taxis>
<dc:SiteServer_IsChecked xmlns:dc="http://purl.org/dc/elements/1.1/"><![CDATA[True]]></dc:SiteServer_IsChecked>
<dc:SiteServer_CheckedLevel xmlns:dc="http://purl.org/dc/elements/1.1/"><![CDATA[1]]></dc:SiteServer_CheckedLevel>
<dc:SiteServer_Hits xmlns:dc="http://purl.org/dc/elements/1.1/"><![CDATA[0]]></dc:SiteServer_Hits>
<dc:SiteServer_HitsByDay xmlns:dc="http://purl.org/dc/elements/1.1/"><![CDATA[0]]></dc:SiteServer_HitsByDay>
<dc:SiteServer_HitsByWeek xmlns:dc="http://purl.org/dc/elements/1.1/"><![CDATA[0]]></dc:SiteServer_HitsByWeek>
<dc:SiteServer_HitsByMonth xmlns:dc="http://purl.org/dc/elements/1.1/"><![CDATA[0]]></dc:SiteServer_HitsByMonth>
<dc:SiteServer_LastHitsDate xmlns:dc="http://purl.org/dc/elements/1.1/"><![CDATA[2011/9/10 17:31:01]]></dc:SiteServer_LastHitsDate>
<dc:SiteServer_Title xmlns:dc="http://purl.org/dc/elements/1.1/"><![CDATA[nSMzO+EudbLvXZdoqFBJQA==]]></dc:SiteServer_Title>
<dc:SiteServer_IsTop xmlns:dc="http://purl.org/dc/elements/1.1/"><![CDATA[False]]></dc:SiteServer_IsTop>
<dc:SiteServer_AddDate xmlns:dc="http://purl.org/dc/elements/1.1/"><![CDATA[2011/9/10 17:30:00]]></dc:SiteServer_AddDate>
<dc:SiteServer_imageurl xmlns:dc="http://purl.org/dc/elements/1.1/"><![CDATA[CXKfSGKalCAI8gKVIk+o9Q5n8wGWM+L612V0EooG3JM=]]></dc:SiteServer_imageurl>
<dc:SiteServer_isrecommend xmlns:dc="http://purl.org/dc/elements/1.1/"><![CDATA[yAriKCEGpnc=]]></dc:SiteServer_isrecommend>
<dc:SiteServer_ishot xmlns:dc="http://purl.org/dc/elements/1.1/"><![CDATA[yAriKCEGpnc=]]></dc:SiteServer_ishot>
<dc:SiteServer_iscolor xmlns:dc="http://purl.org/dc/elements/1.1/"><![CDATA[yAriKCEGpnc=]]></dc:SiteServer_iscolor>
<dc:SiteServer_content xmlns:dc="http://purl.org/dc/elements/1.1/"><![CDATA[EEmuT+38aLr3EE4unCsmE7EoWIOGEjvlUosh3pnsS1aE5Z7P7R5Hu552TGK1B2GNw8qo6P+1awCeeH/x55C4Oz3O0iyaWOsI]]></dc:SiteServer_content>
<dc:SiteServer_titleformatstring xmlns:dc="http://purl.org/dc/elements/1.1/"><![CDATA[gS5v14GEtRgpRV+jhkACTC3JFjAckCMO]]></dc:SiteServer_titleformatstring>
</entry>
<entry>
<title>title</title>
<id>http://www.siteserver.cn/</id>
<modified>2011-09-23T15:44:24+08:00</modified>
<issued>2011-09-23T15:44:24+08:00</issued>
<created>2011-09-23T15:44:24+08:00</created>
<dc:SiteServer_ID xmlns:dc="http://purl.org/dc/elements/1.1/"><![CDATA[1197]]></dc:SiteServer_ID>
<dc:SiteServer_NodeID xmlns:dc="http://purl.org/dc/elements/1.1/"><![CDATA[70]]></dc:SiteServer_NodeID>
<dc:SiteServer_PublishmentSystemID xmlns:dc="http://purl.org/dc/elements/1.1/"><![CDATA[62]]></dc:SiteServer_PublishmentSystemID>
<dc:SiteServer_AddUserName xmlns:dc="http://purl.org/dc/elements/1.1/"><![CDATA[sa]]></dc:SiteServer_AddUserName>
<dc:SiteServer_LastEditUserName xmlns:dc="http://purl.org/dc/elements/1.1/"><![CDATA[sa]]></dc:SiteServer_LastEditUserName>
<dc:SiteServer_LastEditDate xmlns:dc="http://purl.org/dc/elements/1.1/"><![CDATA[2011/9/12 12:30:10]]></dc:SiteServer_LastEditDate>
<dc:SiteServer_Taxis xmlns:dc="http://purl.org/dc/elements/1.1/"><![CDATA[6]]></dc:SiteServer_Taxis>
<dc:SiteServer_IsChecked xmlns:dc="http://purl.org/dc/elements/1.1/"><![CDATA[True]]></dc:SiteServer_IsChecked>
<dc:SiteServer_CheckedLevel xmlns:dc="http://purl.org/dc/elements/1.1/"><![CDATA[1]]></dc:SiteServer_CheckedLevel>
<dc:SiteServer_Hits xmlns:dc="http://purl.org/dc/elements/1.1/"><![CDATA[0]]></dc:SiteServer_Hits>
<dc:SiteServer_HitsByDay xmlns:dc="http://purl.org/dc/elements/1.1/"><![CDATA[0]]></dc:SiteServer_HitsByDay>
<dc:SiteServer_HitsByWeek xmlns:dc="http://purl.org/dc/elements/1.1/"><![CDATA[0]]></dc:SiteServer_HitsByWeek>
<dc:SiteServer_HitsByMonth xmlns:dc="http://purl.org/dc/elements/1.1/"><![CDATA[0]]></dc:SiteServer_HitsByMonth>
<dc:SiteServer_LastHitsDate xmlns:dc="http://purl.org/dc/elements/1.1/"><![CDATA[2011/9/12 12:30:10]]></dc:SiteServer_LastHitsDate>
<dc:SiteServer_Title xmlns:dc="http://purl.org/dc/elements/1.1/"><![CDATA[hXR4CNVN4VAuMw6ksyWSww==]]></dc:SiteServer_Title>
<dc:SiteServer_IsTop xmlns:dc="http://purl.org/dc/elements/1.1/"><![CDATA[False]]></dc:SiteServer_IsTop>
<dc:SiteServer_AddDate xmlns:dc="http://purl.org/dc/elements/1.1/"><![CDATA[2011/9/12 12:29:00]]></dc:SiteServer_AddDate>
<dc:SiteServer_imageurl xmlns:dc="http://purl.org/dc/elements/1.1/"><![CDATA[CXKfSGKalCAI8gKVIk+o9Sjr0hLufz1fodIGa8HAae4=]]></dc:SiteServer_imageurl>
<dc:SiteServer_isrecommend xmlns:dc="http://purl.org/dc/elements/1.1/"><![CDATA[yAriKCEGpnc=]]></dc:SiteServer_isrecommend>
<dc:SiteServer_ishot xmlns:dc="http://purl.org/dc/elements/1.1/"><![CDATA[yAriKCEGpnc=]]></dc:SiteServer_ishot>
<dc:SiteServer_iscolor xmlns:dc="http://purl.org/dc/elements/1.1/"><![CDATA[yAriKCEGpnc=]]></dc:SiteServer_iscolor>
<dc:SiteServer_content xmlns:dc="http://purl.org/dc/elements/1.1/"><![CDATA[EEmuT+38aLr3EE4unCsmE7EoWIOGEjvlUosh3pnsS1aE5Z7P7R5Hu552TGK1B2GNDlQU9hln4cAMK0SwRwG6GYhsbrvLjZSx]]></dc:SiteServer_content>
<dc:SiteServer_titleformatstring xmlns:dc="http://purl.org/dc/elements/1.1/"><![CDATA[gS5v14GEtRgpRV+jhkACTC3JFjAckCMO]]></dc:SiteServer_titleformatstring>
</entry>
<entry>
<title>title</title>
<id>http://www.siteserver.cn/</id>
<modified>2011-09-23T15:44:24+08:00</modified>
<issued>2011-09-23T15:44:24+08:00</issued>
<created>2011-09-23T15:44:24+08:00</created>
<dc:SiteServer_ID xmlns:dc="http://purl.org/dc/elements/1.1/"><![CDATA[1198]]></dc:SiteServer_ID>
<dc:SiteServer_NodeID xmlns:dc="http://purl.org/dc/elements/1.1/"><![CDATA[70]]></dc:SiteServer_NodeID>
<dc:SiteServer_PublishmentSystemID xmlns:dc="http://purl.org/dc/elements/1.1/"><![CDATA[62]]></dc:SiteServer_PublishmentSystemID>
<dc:SiteServer_AddUserName xmlns:dc="http://purl.org/dc/elements/1.1/"><![CDATA[sa]]></dc:SiteServer_AddUserName>
<dc:SiteServer_LastEditUserName xmlns:dc="http://purl.org/dc/elements/1.1/"><![CDATA[sa]]></dc:SiteServer_LastEditUserName>
<dc:SiteServer_LastEditDate xmlns:dc="http://purl.org/dc/elements/1.1/"><![CDATA[2011/9/12 12:30:29]]></dc:SiteServer_LastEditDate>
<dc:SiteServer_Taxis xmlns:dc="http://purl.org/dc/elements/1.1/"><![CDATA[7]]></dc:SiteServer_Taxis>
<dc:SiteServer_IsChecked xmlns:dc="http://purl.org/dc/elements/1.1/"><![CDATA[True]]></dc:SiteServer_IsChecked>
<dc:SiteServer_CheckedLevel xmlns:dc="http://purl.org/dc/elements/1.1/"><![CDATA[1]]></dc:SiteServer_CheckedLevel>
<dc:SiteServer_Hits xmlns:dc="http://purl.org/dc/elements/1.1/"><![CDATA[0]]></dc:SiteServer_Hits>
<dc:SiteServer_HitsByDay xmlns:dc="http://purl.org/dc/elements/1.1/"><![CDATA[0]]></dc:SiteServer_HitsByDay>
<dc:SiteServer_HitsByWeek xmlns:dc="http://purl.org/dc/elements/1.1/"><![CDATA[0]]></dc:SiteServer_HitsByWeek>
<dc:SiteServer_HitsByMonth xmlns:dc="http://purl.org/dc/elements/1.1/"><![CDATA[0]]></dc:SiteServer_HitsByMonth>
<dc:SiteServer_LastHitsDate xmlns:dc="http://purl.org/dc/elements/1.1/"><![CDATA[2011/9/12 12:30:29]]></dc:SiteServer_LastHitsDate>
<dc:SiteServer_Title xmlns:dc="http://purl.org/dc/elements/1.1/"><![CDATA[EtYy5pAGdgagFXWcbnNtNA==]]></dc:SiteServer_Title>
<dc:SiteServer_IsTop xmlns:dc="http://purl.org/dc/elements/1.1/"><![CDATA[False]]></dc:SiteServer_IsTop>
<dc:SiteServer_AddDate xmlns:dc="http://purl.org/dc/elements/1.1/"><![CDATA[2011/9/12 12:30:00]]></dc:SiteServer_AddDate>
<dc:SiteServer_imageurl xmlns:dc="http://purl.org/dc/elements/1.1/"><![CDATA[CXKfSGKalCAI8gKVIk+o9U+l7ooBJBvoCU3Q48BK6iA=]]></dc:SiteServer_imageurl>
<dc:SiteServer_isrecommend xmlns:dc="http://purl.org/dc/elements/1.1/"><![CDATA[yAriKCEGpnc=]]></dc:SiteServer_isrecommend>
<dc:SiteServer_ishot xmlns:dc="http://purl.org/dc/elements/1.1/"><![CDATA[yAriKCEGpnc=]]></dc:SiteServer_ishot>
<dc:SiteServer_iscolor xmlns:dc="http://purl.org/dc/elements/1.1/"><![CDATA[yAriKCEGpnc=]]></dc:SiteServer_iscolor>
<dc:SiteServer_content xmlns:dc="http://purl.org/dc/elements/1.1/"><![CDATA[EEmuT+38aLr3EE4unCsmE7EoWIOGEjvlUosh3pnsS1aE5Z7P7R5Hu7CoW/ZK3fzUwHLbYXz4nplhGqyvgfJ4TeE4/vK+kYnZ]]></dc:SiteServer_content>
<dc:SiteServer_titleformatstring xmlns:dc="http://purl.org/dc/elements/1.1/"><![CDATA[gS5v14GEtRgpRV+jhkACTC3JFjAckCMO]]></dc:SiteServer_titleformatstring>
</entry>
<entry>
<title>title</title>
<id>http://www.siteserver.cn/</id>
<modified>2011-09-23T15:44:24+08:00</modified>
<issued>2011-09-23T15:44:24+08:00</issued>
<created>2011-09-23T15:44:24+08:00</created>
<dc:SiteServer_ID xmlns:dc="http://purl.org/dc/elements/1.1/"><![CDATA[1199]]></dc:SiteServer_ID>
<dc:SiteServer_NodeID xmlns:dc="http://purl.org/dc/elements/1.1/"><![CDATA[70]]></dc:SiteServer_NodeID>
<dc:SiteServer_PublishmentSystemID xmlns:dc="http://purl.org/dc/elements/1.1/"><![CDATA[62]]></dc:SiteServer_PublishmentSystemID>
<dc:SiteServer_AddUserName xmlns:dc="http://purl.org/dc/elements/1.1/"><![CDATA[sa]]></dc:SiteServer_AddUserName>
<dc:SiteServer_LastEditUserName xmlns:dc="http://purl.org/dc/elements/1.1/"><![CDATA[sa]]></dc:SiteServer_LastEditUserName>
<dc:SiteServer_LastEditDate xmlns:dc="http://purl.org/dc/elements/1.1/"><![CDATA[2011/9/12 12:30:46]]></dc:SiteServer_LastEditDate>
<dc:SiteServer_Taxis xmlns:dc="http://purl.org/dc/elements/1.1/"><![CDATA[8]]></dc:SiteServer_Taxis>
<dc:SiteServer_IsChecked xmlns:dc="http://purl.org/dc/elements/1.1/"><![CDATA[True]]></dc:SiteServer_IsChecked>
<dc:SiteServer_CheckedLevel xmlns:dc="http://purl.org/dc/elements/1.1/"><![CDATA[1]]></dc:SiteServer_CheckedLevel>
<dc:SiteServer_Hits xmlns:dc="http://purl.org/dc/elements/1.1/"><![CDATA[0]]></dc:SiteServer_Hits>
<dc:SiteServer_HitsByDay xmlns:dc="http://purl.org/dc/elements/1.1/"><![CDATA[0]]></dc:SiteServer_HitsByDay>
<dc:SiteServer_HitsByWeek xmlns:dc="http://purl.org/dc/elements/1.1/"><![CDATA[0]]></dc:SiteServer_HitsByWeek>
<dc:SiteServer_HitsByMonth xmlns:dc="http://purl.org/dc/elements/1.1/"><![CDATA[0]]></dc:SiteServer_HitsByMonth>
<dc:SiteServer_LastHitsDate xmlns:dc="http://purl.org/dc/elements/1.1/"><![CDATA[2011/9/12 12:30:46]]></dc:SiteServer_LastHitsDate>
<dc:SiteServer_Title xmlns:dc="http://purl.org/dc/elements/1.1/"><![CDATA[4D89lO58bTCOObtkiXmnTA==]]></dc:SiteServer_Title>
<dc:SiteServer_IsTop xmlns:dc="http://purl.org/dc/elements/1.1/"><![CDATA[False]]></dc:SiteServer_IsTop>
<dc:SiteServer_AddDate xmlns:dc="http://purl.org/dc/elements/1.1/"><![CDATA[2011/9/12 12:30:00]]></dc:SiteServer_AddDate>
<dc:SiteServer_imageurl xmlns:dc="http://purl.org/dc/elements/1.1/"><![CDATA[CXKfSGKalCAI8gKVIk+o9UVvnFM69Rz9NCDLMMtHOOU=]]></dc:SiteServer_imageurl>
<dc:SiteServer_isrecommend xmlns:dc="http://purl.org/dc/elements/1.1/"><![CDATA[yAriKCEGpnc=]]></dc:SiteServer_isrecommend>
<dc:SiteServer_ishot xmlns:dc="http://purl.org/dc/elements/1.1/"><![CDATA[yAriKCEGpnc=]]></dc:SiteServer_ishot>
<dc:SiteServer_iscolor xmlns:dc="http://purl.org/dc/elements/1.1/"><![CDATA[yAriKCEGpnc=]]></dc:SiteServer_iscolor>
<dc:SiteServer_content xmlns:dc="http://purl.org/dc/elements/1.1/"><![CDATA[EEmuT+38aLr3EE4unCsmE7EoWIOGEjvlUosh3pnsS1aE5Z7P7R5Hu7CoW/ZK3fzUbdPGlxynM2cuJC9I1LvHb0DCXmUrCG/y]]></dc:SiteServer_content>
<dc:SiteServer_titleformatstring xmlns:dc="http://purl.org/dc/elements/1.1/"><![CDATA[gS5v14GEtRgpRV+jhkACTC3JFjAckCMO]]></dc:SiteServer_titleformatstring>
</entry>
</feed>
