﻿<?xml version="1.0" encoding="utf-8"?>
<!--Generated by SiteServer CMS-->
<feed version="0.3" xmlns="http://purl.org/atom/ns#">
<title>siteserver channel</title>
<generator url="http://www.siteserver.cn/" version="1.0.4221.15493">Generated by SiteServer CMS</generator>
<modified>2011-09-23T15:44:26+08:00</modified>
<dc:SiteServer_PublishmentSystemID xmlns:dc="http://purl.org/dc/elements/1.1/"><![CDATA[62]]></dc:SiteServer_PublishmentSystemID>
<dc:SiteServer_PublishmentSystemName xmlns:dc="http://purl.org/dc/elements/1.1/"><![CDATA[模型]]></dc:SiteServer_PublishmentSystemName>
<dc:SiteServer_AuxiliaryTableForContent xmlns:dc="http://purl.org/dc/elements/1.1/"><![CDATA[au_Content]]></dc:SiteServer_AuxiliaryTableForContent>
<dc:SiteServer_AuxiliaryTableForComment xmlns:dc="http://purl.org/dc/elements/1.1/"><![CDATA[au_Comment]]></dc:SiteServer_AuxiliaryTableForComment>
<dc:SiteServer_IsCheckContentUseLevel xmlns:dc="http://purl.org/dc/elements/1.1/"><![CDATA[False]]></dc:SiteServer_IsCheckContentUseLevel>
<dc:SiteServer_CheckContentLevel xmlns:dc="http://purl.org/dc/elements/1.1/"><![CDATA[1]]></dc:SiteServer_CheckContentLevel>
<dc:SiteServer_PublishmentSystemDir xmlns:dc="http://purl.org/dc/elements/1.1/"><![CDATA[moxing]]></dc:SiteServer_PublishmentSystemDir>
<dc:SiteServer_PublishmentSystemUrl xmlns:dc="http://purl.org/dc/elements/1.1/"><![CDATA[/moxing]]></dc:SiteServer_PublishmentSystemUrl>
<dc:SiteServer_IsHeadquarters xmlns:dc="http://purl.org/dc/elements/1.1/"><![CDATA[False]]></dc:SiteServer_IsHeadquarters>
<dc:SiteServer_ParentPublishmentSystemID xmlns:dc="http://purl.org/dc/elements/1.1/"><![CDATA[0]]></dc:SiteServer_ParentPublishmentSystemID>
<dc:SiteServer_Taxis xmlns:dc="http://purl.org/dc/elements/1.1/"><![CDATA[0]]></dc:SiteServer_Taxis>
<dc:SiteServer_IsRelatedUrl xmlns:dc="http://purl.org/dc/elements/1.1/"><![CDATA[True]]></dc:SiteServer_IsRelatedUrl>
<dc:SiteServer_SettingsXML xmlns:dc="http://purl.org/dc/elements/1.1/"><![CDATA[charset=gb2312]]></dc:SiteServer_SettingsXML>
<dc:SiteServer_DefaultIndexTemplateName xmlns:dc="http://purl.org/dc/elements/1.1/"><![CDATA[系统首页模板]]></dc:SiteServer_DefaultIndexTemplateName>
<dc:SiteServer_DefaultChannelTemplateName xmlns:dc="http://purl.org/dc/elements/1.1/"><![CDATA[系统栏目模板]]></dc:SiteServer_DefaultChannelTemplateName>
<dc:SiteServer_DefaultContentTemplateName xmlns:dc="http://purl.org/dc/elements/1.1/"><![CDATA[系统内容模板]]></dc:SiteServer_DefaultContentTemplateName>
</feed>
