﻿<?xml version="1.0" encoding="utf-8"?>
<!--Generated by SiteServer CMS-->
<feed version="0.3" xmlns="http://purl.org/atom/ns#">
<title>siteserver channel</title>
<author>
<name>siteserver</name>
<url>http://www.siteserver.cn/</url>
</author>
<generator url="http://www.siteserver.cn/" version="1.0.4221.15493">Generated by SiteServer CMS</generator>
<modified>2011-09-23T15:44:25+08:00</modified>
<dc:SiteServer_TableENName xmlns:dc="http://purl.org/dc/elements/1.1/"><![CDATA[au_Comment]]></dc:SiteServer_TableENName>
<dc:SiteServer_TableCNName xmlns:dc="http://purl.org/dc/elements/1.1/"><![CDATA[评论表]]></dc:SiteServer_TableCNName>
<dc:SiteServer_AttributeNum xmlns:dc="http://purl.org/dc/elements/1.1/"><![CDATA[0]]></dc:SiteServer_AttributeNum>
<dc:SiteServer_AuxiliaryTableType xmlns:dc="http://purl.org/dc/elements/1.1/"><![CDATA[SiteComment]]></dc:SiteServer_AuxiliaryTableType>
<dc:SiteServer_IsCreatedInDB xmlns:dc="http://purl.org/dc/elements/1.1/"><![CDATA[True]]></dc:SiteServer_IsCreatedInDB>
<dc:SiteServer_IsChangedAfterCreatedInDB xmlns:dc="http://purl.org/dc/elements/1.1/"><![CDATA[False]]></dc:SiteServer_IsChangedAfterCreatedInDB>
<entry>
<title>title</title>
<id>http://www.siteserver.cn/</id>
<modified>2011-09-23T15:44:25+08:00</modified>
<issued>2011-09-23T15:44:25+08:00</issued>
<created>2011-09-23T15:44:25+08:00</created>
<dc:SiteServer_TableMetadataID xmlns:dc="http://purl.org/dc/elements/1.1/"><![CDATA[24]]></dc:SiteServer_TableMetadataID>
<dc:SiteServer_AuxiliaryTableENName xmlns:dc="http://purl.org/dc/elements/1.1/"><![CDATA[au_Comment]]></dc:SiteServer_AuxiliaryTableENName>
<dc:SiteServer_AttributeName xmlns:dc="http://purl.org/dc/elements/1.1/"><![CDATA[Content]]></dc:SiteServer_AttributeName>
<dc:SiteServer_DataType xmlns:dc="http://purl.org/dc/elements/1.1/"><![CDATA[NText]]></dc:SiteServer_DataType>
<dc:SiteServer_DataLength xmlns:dc="http://purl.org/dc/elements/1.1/"><![CDATA[16]]></dc:SiteServer_DataLength>
<dc:SiteServer_CanBeNull xmlns:dc="http://purl.org/dc/elements/1.1/"><![CDATA[False]]></dc:SiteServer_CanBeNull>
<dc:SiteServer_DBDefaultValue xmlns:dc="http://purl.org/dc/elements/1.1/"><![CDATA['']]></dc:SiteServer_DBDefaultValue>
<dc:SiteServer_Taxis xmlns:dc="http://purl.org/dc/elements/1.1/"><![CDATA[1]]></dc:SiteServer_Taxis>
<dc:SiteServer_IsSystem xmlns:dc="http://purl.org/dc/elements/1.1/"><![CDATA[True]]></dc:SiteServer_IsSystem>
</entry>
</feed>
