﻿<?xml version="1.0" encoding="utf-8"?>
<!--Generated by SiteServer CMS-->
<feed version="0.3" xmlns="http://purl.org/atom/ns#">
<title>siteserver channel</title>
<author>
<name>siteserver</name>
<url>http://www.siteserver.cn/</url>
</author>
<generator url="http://www.siteserver.cn/" version="1.0.4221.15493">Generated by SiteServer CMS</generator>
<modified>2011-09-23T15:44:26+08:00</modified>
<dc:SiteServer_TableStyleID xmlns:dc="http://purl.org/dc/elements/1.1/"><![CDATA[25]]></dc:SiteServer_TableStyleID>
<dc:SiteServer_RelatedIdentity xmlns:dc="http://purl.org/dc/elements/1.1/"><![CDATA[1]]></dc:SiteServer_RelatedIdentity>
<dc:SiteServer_TableName xmlns:dc="http://purl.org/dc/elements/1.1/"><![CDATA[siteserver_InputContent]]></dc:SiteServer_TableName>
<dc:SiteServer_AttributeName xmlns:dc="http://purl.org/dc/elements/1.1/"><![CDATA[sex]]></dc:SiteServer_AttributeName>
<dc:SiteServer_Taxis xmlns:dc="http://purl.org/dc/elements/1.1/"><![CDATA[2]]></dc:SiteServer_Taxis>
<dc:SiteServer_DisplayName xmlns:dc="http://purl.org/dc/elements/1.1/"><![CDATA[性别]]></dc:SiteServer_DisplayName>
<dc:SiteServer_IsVisible xmlns:dc="http://purl.org/dc/elements/1.1/"><![CDATA[True]]></dc:SiteServer_IsVisible>
<dc:SiteServer_IsVisibleInList xmlns:dc="http://purl.org/dc/elements/1.1/"><![CDATA[True]]></dc:SiteServer_IsVisibleInList>
<dc:SiteServer_InputType xmlns:dc="http://purl.org/dc/elements/1.1/"><![CDATA[Radio]]></dc:SiteServer_InputType>
<dc:SiteServer_IsHorizontal xmlns:dc="http://purl.org/dc/elements/1.1/"><![CDATA[True]]></dc:SiteServer_IsHorizontal>
<dc:SiteServer_ExtendValues xmlns:dc="http://purl.org/dc/elements/1.1/"><![CDATA[columns=0&height=0&width=&editortypestring=FCKEditor&isvalidate=True&isrequired=True&minnum=0&maxnum=0&validatetype=None&regexp=&errormessage=]]></dc:SiteServer_ExtendValues>
<dc:SiteServer_OrderString xmlns:dc="http://purl.org/dc/elements/1.1/"><![CDATA[1]]></dc:SiteServer_OrderString>
<entry>
<title>title</title>
<id>http://www.siteserver.cn/</id>
<modified>2011-09-23T15:44:26+08:00</modified>
<issued>2011-09-23T15:44:26+08:00</issued>
<created>2011-09-23T15:44:26+08:00</created>
<dc:SiteServer_TableStyleItemID xmlns:dc="http://purl.org/dc/elements/1.1/"><![CDATA[3]]></dc:SiteServer_TableStyleItemID>
<dc:SiteServer_TableStyleID xmlns:dc="http://purl.org/dc/elements/1.1/"><![CDATA[25]]></dc:SiteServer_TableStyleID>
<dc:SiteServer_ItemTitle xmlns:dc="http://purl.org/dc/elements/1.1/"><![CDATA[男]]></dc:SiteServer_ItemTitle>
<dc:SiteServer_ItemValue xmlns:dc="http://purl.org/dc/elements/1.1/"><![CDATA[男]]></dc:SiteServer_ItemValue>
<dc:SiteServer_IsSelected xmlns:dc="http://purl.org/dc/elements/1.1/"><![CDATA[False]]></dc:SiteServer_IsSelected>
</entry>
<entry>
<title>title</title>
<id>http://www.siteserver.cn/</id>
<modified>2011-09-23T15:44:26+08:00</modified>
<issued>2011-09-23T15:44:26+08:00</issued>
<created>2011-09-23T15:44:26+08:00</created>
<dc:SiteServer_TableStyleItemID xmlns:dc="http://purl.org/dc/elements/1.1/"><![CDATA[4]]></dc:SiteServer_TableStyleItemID>
<dc:SiteServer_TableStyleID xmlns:dc="http://purl.org/dc/elements/1.1/"><![CDATA[25]]></dc:SiteServer_TableStyleID>
<dc:SiteServer_ItemTitle xmlns:dc="http://purl.org/dc/elements/1.1/"><![CDATA[女]]></dc:SiteServer_ItemTitle>
<dc:SiteServer_ItemValue xmlns:dc="http://purl.org/dc/elements/1.1/"><![CDATA[女]]></dc:SiteServer_ItemValue>
<dc:SiteServer_IsSelected xmlns:dc="http://purl.org/dc/elements/1.1/"><![CDATA[False]]></dc:SiteServer_IsSelected>
</entry>
</feed>
